alg,best,worst,avg,mean
Greedy,24759.0,28756.0,27115.01,815.4290833052253
Random,141222.0,199410.0,171134.1981,8240.660033884202
Genetic,21833.0,22238.0,22074.2,120.74087957274455
