alg,best,worst,avg,mean
Greedy,35230.0,42157.0,37547.43,1370.3260543024057
Random,287799.0,384624.0,340210.9792,11739.193341110255
Genetic,30333.0,31130.0,30674.6,260.56715065410685
